epoch,accuracy,iou_class_0,iou_class_1,iou_class_2,iou_class_3,loss,lr,mean_iou,val_accuracy,val_iou_class_0,val_iou_class_1,val_iou_class_2,val_iou_class_3,val_loss,val_mean_iou
0,0.9695631861686707,0.9704877734184265,0.04945017769932747,0.0394061878323555,0.011149381287395954,0.5282753109931946,0.0003,0.2676233947277069,0.9793532490730286,0.9793534278869629,0.0,0.0,0.0,0.5527032613754272,0.24483831226825714
1,0.9707956910133362,0.9726417064666748,0.10504341870546341,0.09569785743951797,0.20672670006752014,0.4852970242500305,0.0003,0.34502744674682617,0.9779722690582275,0.9783164858818054,0.00682070991024375,0.030820194631814957,0.058377210050821304,0.5394644737243652,0.2685836851596832
2,0.971222460269928,0.973800539970398,0.11737208813428879,0.09703274071216583,0.2948627173900604,0.47087934613227844,0.0003,0.3707670569419861,0.9797035455703735,0.9800283908843994,0.02139904722571373,0.029536696150898933,0.19115565717220306,0.507460355758667,0.30552995204925537
3,0.9717048406600952,0.9740398526191711,0.13182620704174042,0.12044669687747955,0.31434234976768494,0.46174192428588867,0.0003,0.3851637542247772,0.9643121361732483,0.9674171209335327,0.000729710329324007,0.06002819910645485,0.11149726063013077,0.5320412516593933,0.28491806983947754
4,0.9726749062538147,0.9751845598220825,0.13069278001785278,0.16395923495292664,0.3470411002635956,0.45698410272598267,0.0003,0.40421944856643677,0.9782955646514893,0.9784583449363708,0.0001813055423554033,0.022250382229685783,3.9069331251084805e-05,0.5298163890838623,0.2502323091030121
5,0.9714100360870361,0.9739915728569031,0.12594926357269287,0.1843338906764984,0.3520909547805786,0.45273923873901367,0.0003,0.40909141302108765,0.9760391116142273,0.9775413274765015,0.09109774976968765,0.06872484087944031,0.11233150959014893,0.4992225170135498,0.31242385506629944
6,0.973955512046814,0.9765579700469971,0.13761703670024872,0.21898651123046875,0.3693026304244995,0.44616401195526123,0.0003,0.425616055727005,0.9689087271690369,0.9720249176025391,0.07054344564676285,0.09087666869163513,0.17546343803405762,0.49535030126571655,0.32722708582878113
7,0.9738684892654419,0.9764078855514526,0.12842431664466858,0.2211802452802658,0.3923799991607666,0.44317328929901123,0.0003,0.4295980930328369,0.9778969883918762,0.9784397482872009,0.0007399716414511204,0.06345786899328232,0.008576665073633194,0.5263909101486206,0.2628035545349121
8,0.9753676056861877,0.9779515266418457,0.14320115745067596,0.2470487803220749,0.3980695903301239,0.4364127814769745,0.0003,0.4415677487850189,0.9770963191986084,0.978090763092041,0.12452573329210281,0.015467789955437183,0.28399160504341125,0.5092661380767822,0.35051894187927246
9,0.9750282168388367,0.9775193929672241,0.14392758905887604,0.2434220016002655,0.3859013020992279,0.4357209801673889,0.0003,0.4376925826072693,0.9139454364776611,0.9168087840080261,0.008962311781942844,0.11130461096763611,0.06110529974102974,0.5742356777191162,0.27454525232315063
10,0.9753162264823914,0.9778996706008911,0.15067192912101746,0.2581716775894165,0.4087504744529724,0.42853620648384094,0.0003,0.44887346029281616,0.9796443581581116,0.9804312586784363,0.04978078603744507,0.051379796117544174,0.2664353549480438,0.5047268867492676,0.3370068371295929
11,0.9755586385726929,0.9782191514968872,0.14414244890213013,0.2730620801448822,0.4181729257106781,0.4288069009780884,0.0003,0.4533991813659668,0.978092610836029,0.9797090291976929,0.07637389749288559,0.14854736626148224,0.1819240152835846,0.48227426409721375,0.346638560295105
12,0.9763692617416382,0.9789469838142395,0.15202097594738007,0.28176650404930115,0.39116811752319336,0.4239046275615692,0.0003,0.4509756565093994,0.9442976713180542,0.9472872018814087,0.10671810805797577,0.11894777417182922,0.192478746175766,0.509648859500885,0.341357946395874
13,0.9763377904891968,0.9788935780525208,0.16200679540634155,0.27857398986816406,0.41848883032798767,0.4248110353946686,0.0003,0.4594908058643341,0.9798651933670044,0.9806837439537048,0.09534382820129395,0.05860274285078049,0.32078564167022705,0.49672195315361023,0.36385399103164673
14,0.9771157503128052,0.9797060489654541,0.1533624231815338,0.29561617970466614,0.3971312344074249,0.4216477870941162,0.0003,0.45645397901535034,0.9675477743148804,0.9705845713615417,0.06739950180053711,0.19474898278713226,0.27806928753852844,0.4791134297847748,0.3777005970478058
15,0.9782031774520874,0.9806825518608093,0.16353382170200348,0.310997873544693,0.43474113941192627,0.41397398710250854,0.0003,0.4724888503551483,0.9753850698471069,0.9783971905708313,0.12234200537204742,0.06211072579026222,0.025612901896238327,0.5061289668083191,0.297115683555603
16,0.9778994917869568,0.9806049466133118,0.16416117548942566,0.31368058919906616,0.4373056888580322,0.4123914837837219,0.0003,0.47393810749053955,0.9794192910194397,0.9797213673591614,0.008026303723454475,0.05606146156787872,0.10147379338741302,0.5199515223503113,0.2863207459449768
17,0.9768412113189697,0.9795236587524414,0.16636306047439575,0.2967796325683594,0.4425765573978424,0.4146327078342438,0.0003,0.47131070494651794,0.9794612526893616,0.980861485004425,0.08010861277580261,0.1523987054824829,0.3591463267803192,0.47046026587486267,0.39312878251075745
18,0.9782089591026306,0.98076993227005,0.17346835136413574,0.31832677125930786,0.43277400732040405,0.4107357859611511,0.0003,0.47633472084999084,0.9656111001968384,0.9696044325828552,0.06276433169841766,0.13000181317329407,0.17093168199062347,0.5015543103218079,0.3333255648612976
19,0.9777064919471741,0.9802326560020447,0.19140255451202393,0.3049136698246002,0.4527547359466553,0.4101625084877014,0.0003,0.48232588171958923,0.9784330725669861,0.9803528189659119,0.08949385583400726,0.18139681220054626,0.3509068191051483,0.4729355275630951,0.40053755044937134
20,0.9789794683456421,0.9813312292098999,0.18328139185905457,0.33459678292274475,0.46982330083847046,0.4014522135257721,0.0003,0.4922581911087036,0.9804112911224365,0.9815056920051575,0.12289439886808395,0.15643134713172913,0.2886250913143158,0.4737497866153717,0.38736411929130554
21,0.9787099957466125,0.9812373518943787,0.17032864689826965,0.3215436637401581,0.45549818873405457,0.40609610080718994,0.0003,0.48215198516845703,0.9804163575172424,0.9818944334983826,0.14985282719135284,0.2252037525177002,0.39666804671287537,0.4597434997558594,0.43840476870536804
22,0.9788929224014282,0.9813035130500793,0.18092666566371918,0.3474016785621643,0.4531130790710449,0.40326955914497375,0.0003,0.49068617820739746,0.9815228581428528,0.9831453561782837,0.06300526857376099,0.25459909439086914,0.4295479953289032,0.46315282583236694,0.43257445096969604
23,0.979857861995697,0.98238605260849,0.1875637322664261,0.3497806787490845,0.47302359342575073,0.4010562002658844,0.0003,0.49818849563598633,0.9796148538589478,0.9819713830947876,0.11497123539447784,0.10942880064249039,0.42087844014167786,0.4729861915111542,0.40681248903274536
24,0.9793306589126587,0.9818843007087708,0.19607169926166534,0.3348620533943176,0.4763922691345215,0.39776208996772766,0.0003,0.4973025918006897,0.9658872485160828,0.9694910645484924,0.07659415900707245,0.17556889355182648,0.44408443570137024,0.4773987829685211,0.416434645652771
25,0.9793441295623779,0.9819753766059875,0.19349056482315063,0.35441452264785767,0.47873082756996155,0.39573413133621216,0.0003,0.5021528005599976,0.9778257608413696,0.9799448847770691,0.1420179158449173,0.22936499118804932,0.3872608542442322,0.45883381366729736,0.4346471428871155
26,0.9796500205993652,0.9823446273803711,0.19031094014644623,0.33621591329574585,0.4724207818508148,0.39604875445365906,0.0003,0.4953230321407318,0.9825300574302673,0.9834978580474854,0.09780547022819519,0.14436984062194824,0.41700297594070435,0.4688628911972046,0.4106689691543579
27,0.9813977479934692,0.9837437868118286,0.22545066475868225,0.3923780620098114,0.512669026851654,0.3773845136165619,9e-05,0.5285604000091553,0.9793634414672852,0.9818186163902283,0.18120338022708893,0.3240582048892975,0.459793359041214,0.43467164039611816,0.4867183566093445
28,0.982205331325531,0.9844650626182556,0.23462018370628357,0.4200282394886017,0.5173526406288147,0.37363916635513306,9e-05,0.5391165018081665,0.9807659983634949,0.98345547914505,0.17135262489318848,0.3140837252140045,0.4710671603679657,0.43763604760169983,0.484989732503891
29,0.9820898175239563,0.9842579364776611,0.2323356717824936,0.4155420660972595,0.5331528186798096,0.36944034695625305,9e-05,0.5413221120834351,0.9786575436592102,0.9811915755271912,0.16481249034404755,0.3186560869216919,0.4382094442844391,0.4411052167415619,0.4757173955440521
30,0.9827353954315186,0.9846569299697876,0.23969820141792297,0.42310959100723267,0.5244038105010986,0.3644794225692749,9e-05,0.5429671406745911,0.9787302017211914,0.981002688407898,0.1400652527809143,0.29410362243652344,0.4735047519207001,0.44678834080696106,0.47216907143592834
31,0.9827113747596741,0.9847131371498108,0.2507776618003845,0.4322582483291626,0.5535465478897095,0.36080774664878845,9e-05,0.5553238987922668,0.982799768447876,0.9846806526184082,0.18716499209403992,0.3150644302368164,0.5158312320709229,0.4364902377128601,0.5006853342056274
32,0.9830185174942017,0.985056459903717,0.26391807198524475,0.4224621057510376,0.5273257493972778,0.3573811948299408,9e-05,0.5496906042098999,0.9796257019042969,0.9818016886711121,0.17903056740760803,0.3055986166000366,0.44231295585632324,0.43952301144599915,0.4771859645843506
33,0.9833974242210388,0.9855929613113403,0.25302883982658386,0.430489718914032,0.5340263247489929,0.3579145073890686,9e-05,0.5507844686508179,0.9794471859931946,0.981792151927948,0.16773998737335205,0.3254985213279724,0.49060720205307007,0.4397723376750946,0.49140945076942444
34,0.9833388328552246,0.9853229522705078,0.262521892786026,0.43028202652931213,0.5371333956718445,0.3539336323738098,9e-05,0.5538150668144226,0.9784137010574341,0.9807718396186829,0.16408155858516693,0.3233796954154968,0.49091821908950806,0.4420262277126312,0.4897878170013428
35,0.9835442900657654,0.9855564832687378,0.26951467990875244,0.435229629278183,0.538526713848114,0.35144051909446716,9e-05,0.5572068691253662,0.9834526777267456,0.9852573871612549,0.16751901805400848,0.33309805393218994,0.461530476808548,0.439629465341568,0.48685121536254883
36,0.9835268259048462,0.9854929447174072,0.2741834819316864,0.44111308455467224,0.5488358736038208,0.3512486517429352,9e-05,0.5624063611030579,0.9786502122879028,0.9812802076339722,0.16247329115867615,0.3499939441680908,0.48138222098350525,0.44199609756469727,0.4937824308872223
37,0.9844671487808228,0.9861776828765869,0.28243502974510193,0.4682929217815399,0.5647662878036499,0.3409205675125122,2.7e-05,0.5754179954528809,0.9832996726036072,0.9850841760635376,0.17160683870315552,0.36021098494529724,0.5242447257041931,0.4357404410839081,0.5102866888046265
38,0.9845564365386963,0.9862786531448364,0.2864571809768677,0.4609275460243225,0.5652899146080017,0.33978429436683655,2.7e-05,0.5747383236885071,0.9832831621170044,0.9853115081787109,0.17213603854179382,0.35579240322113037,0.5191061496734619,0.4343150854110718,0.5080865621566772
39,0.9843010902404785,0.986102283000946,0.2815544307231903,0.45138972997665405,0.5645737648010254,0.34253427386283875,2.7e-05,0.5709050893783569,0.9820593595504761,0.9842689037322998,0.18919996917247772,0.35087236762046814,0.5139361619949341,0.43057572841644287,0.5095693469047546
