patch_id,damage_iou
val_patch_00005,0.0
val_patch_00006,0.0
val_patch_00007,0.0
val_patch_00015,0.0
val_patch_00023,0.0
val_patch_00029,0.0
val_patch_00035,0.0
val_patch_00044,0.0
val_patch_00048,0.0
val_patch_00050,0.0
val_patch_00053,0.0
val_patch_00054,0.0
val_patch_00059,0.0
val_patch_00060,0.0
val_patch_00065,0.0
val_patch_00066,0.0
val_patch_00071,0.0
val_patch_00074,0.0
val_patch_00075,0.0
val_patch_00078,0.0
val_patch_00081,0.0
val_patch_00083,0.0
val_patch_00086,0.0
val_patch_00087,0.0
val_patch_00096,0.0
val_patch_00099,0.0
val_patch_00102,0.0
val_patch_00103,0.0
val_patch_00107,0.0
val_patch_00116,0.0
val_patch_00125,0.0
val_patch_00128,0.0
val_patch_00133,0.0
val_patch_00137,0.0
val_patch_00138,0.0
val_patch_00144,0.0
val_patch_00147,0.0
val_patch_00150,0.0
val_patch_00159,0.0
val_patch_00161,0.0
val_patch_00169,0.0
val_patch_00176,0.0
val_patch_00178,0.0
val_patch_00181,0.0
val_patch_00189,0.0
val_patch_00191,0.0
val_patch_00193,0.0
val_patch_00194,0.0
val_patch_00196,0.0
val_patch_00201,0.0
val_patch_00205,0.0
val_patch_00207,0.0
val_patch_00208,0.0
val_patch_00210,0.0
val_patch_00217,0.0
val_patch_00220,0.0
val_patch_00222,0.0
val_patch_00224,0.0
val_patch_00235,0.0
val_patch_00237,0.0
val_patch_00240,0.0
val_patch_00244,0.0
val_patch_00246,0.0
val_patch_00250,0.0
val_patch_00256,0.0
val_patch_00262,0.0
val_patch_00265,0.0
val_patch_00270,0.0
val_patch_00271,0.0
val_patch_00273,0.0
val_patch_00276,0.0
val_patch_00277,0.0
val_patch_00279,0.0
val_patch_00283,0.0
val_patch_00285,0.0
val_patch_00288,0.0
val_patch_00295,0.0
val_patch_00297,0.0
val_patch_00308,0.0
val_patch_00319,0.0
val_patch_00322,0.0
val_patch_00327,0.0
val_patch_00334,0.0
val_patch_00336,0.0
val_patch_00340,0.0
val_patch_00345,0.0
val_patch_00349,0.0
val_patch_00352,0.0
val_patch_00353,0.0
val_patch_00354,0.0
val_patch_00360,0.0
val_patch_00372,0.0
val_patch_00378,0.0
val_patch_00388,0.0
val_patch_00390,0.0
val_patch_00391,0.0
val_patch_00393,0.0
val_patch_00395,0.0
val_patch_00397,0.0
val_patch_00406,0.0
val_patch_00409,0.0
val_patch_00414,0.0
val_patch_00415,0.0
val_patch_00416,0.0
val_patch_00421,0.0
val_patch_00429,0.0
val_patch_00430,0.0
val_patch_00431,0.0
val_patch_00432,0.0
val_patch_00435,0.0
val_patch_00439,0.0
val_patch_00443,0.0
val_patch_00449,0.0
val_patch_00456,0.0
val_patch_00465,0.0
val_patch_00470,0.0
val_patch_00476,0.0
val_patch_00489,0.0
val_patch_00494,0.0
val_patch_00495,0.0
val_patch_00499,0.0
val_patch_00505,0.0
val_patch_00506,0.0
val_patch_00514,0.0
val_patch_00516,0.0
val_patch_00520,0.0
val_patch_00522,0.0
val_patch_00525,0.0
val_patch_00526,0.0
val_patch_00527,0.0
val_patch_00529,0.0
val_patch_00531,0.0
val_patch_00534,0.0
val_patch_00535,0.0
val_patch_00537,0.0
val_patch_00543,0.0
val_patch_00544,0.0
val_patch_00545,0.0
val_patch_00546,0.0
val_patch_00548,0.0
val_patch_00549,0.0
val_patch_00550,0.0
val_patch_00554,0.0
val_patch_00558,0.0
val_patch_00561,0.0
val_patch_00562,0.0
val_patch_00564,0.0
val_patch_00567,0.0
val_patch_00568,0.0
val_patch_00569,0.0
val_patch_00571,0.0
val_patch_00581,0.0
val_patch_00582,0.0
val_patch_00583,0.0
val_patch_00584,0.0
val_patch_00586,0.0
val_patch_00587,0.0
val_patch_00591,0.0
val_patch_00597,0.0
val_patch_00598,0.0
val_patch_00600,0.0
val_patch_00601,0.0
val_patch_00603,0.0
val_patch_00604,0.0
val_patch_00606,0.0
val_patch_00607,0.0
val_patch_00609,0.0
val_patch_00612,0.0
val_patch_00613,0.0
val_patch_00614,0.0
val_patch_00619,0.0
val_patch_00620,0.0
val_patch_00625,0.0
val_patch_00626,0.0
val_patch_00628,0.0
val_patch_00635,0.0
val_patch_00645,0.0
val_patch_00648,0.0
val_patch_00654,0.0
val_patch_00660,0.0
val_patch_00663,0.0
val_patch_00664,0.0
val_patch_00665,0.0
val_patch_00667,0.0
val_patch_00668,0.0
val_patch_00669,0.0
val_patch_00674,0.0
val_patch_00675,0.0
val_patch_00677,0.0
val_patch_00684,0.0
val_patch_00685,0.0
val_patch_00690,0.0
val_patch_00692,0.0
val_patch_00576,0.0011997600479544163
val_patch_00382,0.0023495391288207205
val_patch_00671,0.004112308564887801
val_patch_00343,0.0054151624538961805
val_patch_00541,0.006644518271873378
val_patch_00009,0.007141478478920257
val_patch_00090,0.007908264135959603
val_patch_00310,0.008097165991538589
val_patch_00173,0.010656768245161607
val_patch_00401,0.013555787277001482
val_patch_00068,0.030927835048647812
val_patch_00200,0.03848280437865218
val_patch_00455,0.038842603016901116
val_patch_00428,0.03901808785479305
val_patch_00315,0.039106145249211945
val_patch_00304,0.04876066639379274
val_patch_00231,0.05414847161414415
val_patch_00101,0.05608283002104548
val_patch_00501,0.061624649842682164
val_patch_00154,0.06270981603245993
val_patch_00195,0.06391723355918484
val_patch_00610,0.06436781607715682
val_patch_00580,0.06593406586161092
val_patch_00216,0.07070279423917432
val_patch_00148,0.07217766810165467
val_patch_00461,0.0764944275563198
val_patch_00458,0.07971864009261843
val_patch_00560,0.08139534878988643
val_patch_00367,0.0869068038854515
val_patch_00402,0.09473684208531856
val_patch_00394,0.10159487630162509
val_patch_00121,0.105281291528743
val_patch_00373,0.1133730552778323
val_patch_00225,0.11789916195747577
val_patch_00293,0.12017167376816666
val_patch_00010,0.1211366466645405
val_patch_00681,0.12396105438064615
val_patch_00617,0.12443845462154365
val_patch_00117,0.12485180118445187
val_patch_00168,0.12945363813110683
val_patch_00588,0.1295463833212282
val_patch_00033,0.1306945481605157
val_patch_00662,0.13451511990956647
val_patch_00266,0.1355529131905141
val_patch_00572,0.1434010152102283
val_patch_00371,0.14382785956150465
val_patch_00346,0.14941677466859069
val_patch_00174,0.15070309170895932
val_patch_00177,0.15127831500660646
val_patch_00025,0.15148366989058187
val_patch_00130,0.15158371039580815
val_patch_00592,0.16955017299082467
val_patch_00434,0.1701795472260706
val_patch_00483,0.17138635803567137
val_patch_00179,0.1728989263214501
val_patch_00155,0.17336683416540935
val_patch_00163,0.17348087021646985
val_patch_00146,0.1744186046366762
val_patch_00651,0.17702448207588994
val_patch_00457,0.1789314516038845
val_patch_00385,0.18088001814265273
val_patch_00085,0.1818859485627794
val_patch_00186,0.1825878888269753
val_patch_00275,0.18426501033289183
val_patch_00640,0.18665886483105137
val_patch_00160,0.1881757176581702
val_patch_00359,0.1965452261294187
val_patch_00127,0.1971178387709698
val_patch_00038,0.1995581737702829
val_patch_00370,0.20081688221914112
val_patch_00135,0.20366132720781907
val_patch_00602,0.20384047266352337
val_patch_00001,0.2051889168755406
val_patch_00124,0.20784631835032688
val_patch_00389,0.20971563980687685
val_patch_00242,0.21075549749160125
val_patch_00016,0.21140319715733072
val_patch_00106,0.21174004192378895
val_patch_00418,0.21338912133421298
val_patch_00269,0.2142857142443464
val_patch_00204,0.2155172413527688
val_patch_00046,0.2158069096059169
val_patch_00142,0.21601387028049485
val_patch_00259,0.21658031085838547
val_patch_00268,0.21762589924143422
val_patch_00151,0.22026328161212358
val_patch_00037,0.22738706107025466
val_patch_00120,0.22760290555522983
val_patch_00098,0.22933070865013136
val_patch_00219,0.22974559686708612
val_patch_00198,0.2313894114454261
val_patch_00115,0.23333714416104562
val_patch_00111,0.23392812264270454
val_patch_00251,0.23728010825279242
val_patch_00311,0.23823184247961623
val_patch_00019,0.239328166661917
val_patch_00013,0.24088891994744438
val_patch_00341,0.24238238400811576
val_patch_00296,0.24315068484823604
val_patch_00589,0.24368686865610015
val_patch_00299,0.24522292985820923
val_patch_00112,0.24567087475985172
val_patch_00180,0.24591494426877006
val_patch_00281,0.24911032024037186
val_patch_00118,0.24994004796013225
val_patch_00272,0.25194805191533143
val_patch_00040,0.2524021560756409
val_patch_00362,0.2583399348626147
val_patch_00139,0.26165682099117554
val_patch_00679,0.26207776360163026
val_patch_00426,0.26334519570610804
val_patch_00383,0.2644611792552716
val_patch_00063,0.2647496281475087
val_patch_00365,0.2669680684686315
val_patch_00202,0.27002967351037693
val_patch_00347,0.2705530642737328
val_patch_00498,0.2742805755149028
val_patch_00254,0.27439024373512794
val_patch_00034,0.2746511271256352
val_patch_00608,0.274999999974537
val_patch_00618,0.2770919066835265
val_patch_00100,0.27832152098020496
val_patch_00263,0.2789925269781624
val_patch_00228,0.279504696839114
val_patch_00031,0.28028609745148053
val_patch_00136,0.2842296978756778
val_patch_00623,0.2846534652760759
val_patch_00284,0.28571428563425366
val_patch_00011,0.2865454545246149
val_patch_00689,0.2875638841469314
val_patch_00192,0.28952124591313394
val_patch_00314,0.2920278406409666
val_patch_00089,0.293984962398647
val_patch_00683,0.29459459456805454
val_patch_00088,0.29584688516017205
val_patch_00356,0.29971590904833584
val_patch_00012,0.29997665551085534
val_patch_00260,0.3023255813314322
val_patch_00020,0.3034188033539703
val_patch_00624,0.3101101749737489
val_patch_00466,0.31188266985465607
val_patch_00221,0.31641930499117593
val_patch_00172,0.3164983163917514
val_patch_00280,0.32042253509844276
val_patch_00320,0.3206624011922973
val_patch_00109,0.32153846152609467
val_patch_00605,0.3264338076686841
val_patch_00157,0.32729850583309356
val_patch_00286,0.32776717555688134
val_patch_00158,0.3281952472493131
val_patch_00080,0.3303135888386651
val_patch_00493,0.3303921568303537
val_patch_00574,0.33126177023858266
val_patch_00377,0.33461265102580506
val_patch_00380,0.3348051613995164
val_patch_00480,0.33642930853081227
val_patch_00149,0.33872131620235646
val_patch_00596,0.34018691582426414
val_patch_00682,0.34151065201152286
val_patch_00095,0.3449985586604497
val_patch_00143,0.3472505091296079
val_patch_00145,0.347309158302104
val_patch_00490,0.34980744542042314
val_patch_00052,0.3511054293852376
val_patch_00061,0.351992052343695
val_patch_00105,0.35294117640952577
val_patch_00680,0.3537061117875545
val_patch_00487,0.35444743930533057
val_patch_00423,0.35692452385711443
val_patch_00248,0.3595863166211681
val_patch_00003,0.3629677006599627
val_patch_00478,0.3643873336225614
val_patch_00305,0.37108886105312333
val_patch_00445,0.3723180479439496
val_patch_00062,0.37682242989949866
val_patch_00257,0.3774464118939938
val_patch_00070,0.37788165825961895
val_patch_00338,0.3789503965792177
val_patch_00410,0.37928338762050257
val_patch_00551,0.37952755902523405
val_patch_00317,0.38240639765967266
val_patch_00368,0.38282994691421257
val_patch_00041,0.3852459016106374
val_patch_00278,0.38823995247697013
val_patch_00171,0.3906127258367908
val_patch_00329,0.3921240634243174
val_patch_00245,0.3976495090717223
val_patch_00404,0.39824030000867966
val_patch_00471,0.4045032278317666
val_patch_00064,0.4045408653244243
val_patch_00515,0.40717299569468923
val_patch_00055,0.40758527827465174
val_patch_00453,0.4083339909998553
val_patch_00079,0.40919606708948913
val_patch_00542,0.4098914601637324
val_patch_00213,0.4135977336915204
val_patch_00226,0.4140233722772711
val_patch_00678,0.4142857142401884
val_patch_00350,0.41683035252334505
val_patch_00376,0.4201747418474934
val_patch_00129,0.4233918128159776
val_patch_00578,0.42488038273446116
val_patch_00097,0.4255754744207838
val_patch_00091,0.42573700698509326
val_patch_00653,0.4261311172570145
val_patch_00425,0.43109594817176716
val_patch_00335,0.43167017812472863
val_patch_00212,0.4327337565631461
val_patch_00503,0.43289689030827355
val_patch_00290,0.4361233479215587
val_patch_00484,0.4381348106907602
val_patch_00073,0.4391214945074195
val_patch_00056,0.4423548650496848
val_patch_00183,0.44668485351413423
val_patch_00474,0.44951140063815487
val_patch_00082,0.45589133089069833
val_patch_00215,0.45839057190303173
val_patch_00575,0.46099290763794576
val_patch_00636,0.4631254446179008
val_patch_00021,0.4701378253491367
val_patch_00043,0.47148075301786185
val_patch_00510,0.4755501222348548
val_patch_00077,0.4826388887213059
val_patch_00076,0.4857207261873633
val_patch_00622,0.48658764812934574
val_patch_00452,0.4866587557204837
val_patch_00028,0.48831530365439596
val_patch_00462,0.48879928313222226
val_patch_00386,0.49041095890179304
val_patch_00533,0.4905795218263346
val_patch_00491,0.49109858873739043
val_patch_00022,0.4913076341629202
val_patch_00448,0.4916030533600606
val_patch_00468,0.49922118376174285
val_patch_00411,0.4995531724642638
val_patch_00032,0.4996900185679051
val_patch_00691,0.4999999998188405
val_patch_00203,0.5038991454256574
val_patch_00427,0.5046197583331692
val_patch_00647,0.5066732575132638
val_patch_00686,0.5108307545700826
val_patch_00126,0.5119047618782657
val_patch_00165,0.512555886734305
val_patch_00114,0.5135699372623027
val_patch_00633,0.5137903860903238
val_patch_00140,0.5138036809027908
val_patch_00488,0.5140280560950559
val_patch_00644,0.515002344104196
val_patch_00153,0.5157073582111136
val_patch_00473,0.5168552569481747
val_patch_00508,0.5169258919929619
val_patch_00396,0.5172621530167419
val_patch_00361,0.5221211170346901
val_patch_00502,0.5225225224754484
val_patch_00206,0.5228397680656952
val_patch_00374,0.5249733935171016
val_patch_00512,0.5295651143437662
val_patch_00536,0.5301873698636299
val_patch_00182,0.5319981957590763
val_patch_00358,0.5351127374453257
val_patch_00027,0.5363560361763066
val_patch_00650,0.5379023883138212
val_patch_00519,0.5380927010901388
val_patch_00164,0.5410607220300085
val_patch_00693,0.5411622275373896
val_patch_00479,0.5435591958244489
val_patch_00507,0.5446381405081064
val_patch_00387,0.5449652093928716
val_patch_00615,0.5471367841823672
val_patch_00482,0.5483039348698591
val_patch_00467,0.5489865899201687
val_patch_00170,0.5491107604376549
val_patch_00004,0.5494693598068379
val_patch_00673,0.5507688676054651
val_patch_00058,0.5519096855818536
val_patch_00247,0.5520504731643514
val_patch_00026,0.5521126759008133
val_patch_00661,0.5555555540123457
val_patch_00067,0.5558616889340414
val_patch_00460,0.5559431846360343
val_patch_00444,0.5595749029168242
val_patch_00094,0.5607624596271269
val_patch_00051,0.5635631116007228
val_patch_00049,0.5660551333802866
val_patch_00486,0.5706490522606168
val_patch_00627,0.5710306406367114
val_patch_00477,0.5715098094804802
val_patch_00492,0.5729331226659856
val_patch_00504,0.5743440233026843
val_patch_00530,0.5751430057052745
val_patch_00072,0.5754880694018333
val_patch_00364,0.5770925110093047
val_patch_00162,0.5801399434262615
val_patch_00629,0.5842541436406447
val_patch_00687,0.584597432871377
val_patch_00188,0.5847936214258537
val_patch_00532,0.585617657508522
val_patch_00045,0.58799909654379
val_patch_00084,0.5900131405889616
val_patch_00398,0.5932350390028953
val_patch_00408,0.5939421543999779
val_patch_00018,0.5950133364244578
val_patch_00167,0.5965363045665525
val_patch_00424,0.5990471799508369
val_patch_00441,0.5994727235733224
val_patch_00420,0.6021138345110172
val_patch_00113,0.6025878002583017
val_patch_00450,0.6033287100829868
val_patch_00123,0.6035950803877203
val_patch_00141,0.603843588460058
val_patch_00639,0.6040477888676529
val_patch_00008,0.6052437222819335
val_patch_00509,0.6105716898131642
val_patch_00528,0.6105738233266587
val_patch_00555,0.6109257714507538
val_patch_00523,0.613759479923415
val_patch_00399,0.6138204924537553
val_patch_00524,0.6156904978823984
val_patch_00521,0.6161254815573645
val_patch_00042,0.6166306375651733
val_patch_00442,0.6176967240588418
val_patch_00069,0.6199107230447203
val_patch_00211,0.6245353157529608
val_patch_00024,0.6277445109153947
val_patch_00313,0.6284289275240825
val_patch_00459,0.6324626865081657
val_patch_00539,0.6335006215741206
val_patch_00132,0.6347891565787056
val_patch_00348,0.6380255940332678
val_patch_00236,0.6384192957829393
val_patch_00463,0.6395786305011604
val_patch_00344,0.6402416207802414
val_patch_00573,0.6460396038004852
val_patch_00197,0.6549328228556314
val_patch_00230,0.6580735411644362
val_patch_00513,0.6606384320968569
val_patch_00187,0.6612903223139959
val_patch_00223,0.6622691292002284
val_patch_00057,0.6628767097365984
val_patch_00447,0.6645481952198765
val_patch_00326,0.6655405404955715
val_patch_00518,0.66590957788444
val_patch_00030,0.6672336372250154
val_patch_00621,0.6673968601557613
val_patch_00631,0.6676217764086502
val_patch_00036,0.6712684599147267
val_patch_00233,0.6772239052592772
val_patch_00464,0.6784808436745529
val_patch_00323,0.6806682829098731
val_patch_00641,0.6849442379023015
val_patch_00566,0.686513629792933
val_patch_00332,0.6899999999014286
val_patch_00199,0.7017543858417975
val_patch_00039,0.706577440159724
val_patch_00649,0.7179305456613798
val_patch_00656,0.7214912279119536
val_patch_00676,0.7239018562730936
val_patch_00000,0.7272727271625344
val_patch_00185,0.7273152631628303
val_patch_00384,0.7301587301465303
val_patch_00497,0.7325141776888163
val_patch_00239,0.7325227963247523
val_patch_00454,0.7354497353524537
val_patch_00108,0.7486904616792703
val_patch_00227,0.7634783122027783
val_patch_00657,0.769556025207282
val_patch_00316,0.7925266423743083
val_patch_00475,0.7925418569133555
val_patch_00214,0.8047138044428572
val_patch_00472,0.8301886789320042
val_patch_00643,0.8360655737500351
val_patch_00659,0.8413510747123749
val_patch_00301,0.8737270873984262
val_patch_00298,0.896713614812978
val_patch_00002,1.0
val_patch_00014,1.0
val_patch_00017,1.0
val_patch_00047,1.0
val_patch_00092,1.0
val_patch_00093,1.0
val_patch_00104,1.0
val_patch_00110,1.0
val_patch_00119,1.0
val_patch_00122,1.0
val_patch_00131,1.0
val_patch_00134,1.0
val_patch_00152,1.0
val_patch_00156,1.0
val_patch_00166,1.0
val_patch_00175,1.0
val_patch_00184,1.0
val_patch_00190,1.0
val_patch_00209,1.0
val_patch_00218,1.0
val_patch_00229,1.0
val_patch_00232,1.0
val_patch_00234,1.0
val_patch_00238,1.0
val_patch_00241,1.0
val_patch_00243,1.0
val_patch_00249,1.0
val_patch_00252,1.0
val_patch_00253,1.0
val_patch_00255,1.0
val_patch_00258,1.0
val_patch_00261,1.0
val_patch_00264,1.0
val_patch_00267,1.0
val_patch_00274,1.0
val_patch_00282,1.0
val_patch_00287,1.0
val_patch_00289,1.0
val_patch_00291,1.0
val_patch_00292,1.0
val_patch_00294,1.0
val_patch_00300,1.0
val_patch_00302,1.0
val_patch_00303,1.0
val_patch_00306,1.0
val_patch_00307,1.0
val_patch_00309,1.0
val_patch_00312,1.0
val_patch_00318,1.0
val_patch_00321,1.0
val_patch_00324,1.0
val_patch_00325,1.0
val_patch_00328,1.0
val_patch_00330,1.0
val_patch_00331,1.0
val_patch_00333,1.0
val_patch_00337,1.0
val_patch_00339,1.0
val_patch_00342,1.0
val_patch_00351,1.0
val_patch_00355,1.0
val_patch_00357,1.0
val_patch_00363,1.0
val_patch_00366,1.0
val_patch_00369,1.0
val_patch_00375,1.0
val_patch_00379,1.0
val_patch_00381,1.0
val_patch_00392,1.0
val_patch_00400,1.0
val_patch_00403,1.0
val_patch_00405,1.0
val_patch_00407,1.0
val_patch_00412,1.0
val_patch_00413,1.0
val_patch_00417,1.0
val_patch_00419,1.0
val_patch_00422,1.0
val_patch_00433,1.0
val_patch_00436,1.0
val_patch_00437,1.0
val_patch_00438,1.0
val_patch_00440,1.0
val_patch_00446,1.0
val_patch_00451,1.0
val_patch_00469,1.0
val_patch_00481,1.0
val_patch_00485,1.0
val_patch_00496,1.0
val_patch_00500,1.0
val_patch_00511,1.0
val_patch_00517,1.0
val_patch_00538,1.0
val_patch_00540,1.0
val_patch_00547,1.0
val_patch_00552,1.0
val_patch_00553,1.0
val_patch_00556,1.0
val_patch_00557,1.0
val_patch_00559,1.0
val_patch_00563,1.0
val_patch_00565,1.0
val_patch_00570,1.0
val_patch_00577,1.0
val_patch_00579,1.0
val_patch_00585,1.0
val_patch_00590,1.0
val_patch_00593,1.0
val_patch_00594,1.0
val_patch_00595,1.0
val_patch_00599,1.0
val_patch_00611,1.0
val_patch_00616,1.0
val_patch_00630,1.0
val_patch_00632,1.0
val_patch_00634,1.0
val_patch_00637,1.0
val_patch_00638,1.0
val_patch_00642,1.0
val_patch_00646,1.0
val_patch_00652,1.0
val_patch_00655,1.0
val_patch_00658,1.0
val_patch_00666,1.0
val_patch_00670,1.0
val_patch_00672,1.0
val_patch_00688,1.0
